,precision,recall,f1-score,support
No Oil,0.9772423025435074,0.9838274932614556,0.9805238415043653,742.0
Oil Spill,0.9683377308707124,0.9557291666666666,0.9619921363040629,384.0
accuracy,0.9742451154529307,0.9742451154529307,0.9742451154529307,0.9742451154529307
macro avg,0.97279001670711,0.9697783299640611,0.9712579889042141,1126.0
weighted avg,0.9742055747261421,0.9742451154529307,0.9742039704591469,1126.0
